scenario,cleanup,cold,repeat,routes,bytes_per_request,bytes_per_route
default,unregister,False,0,1,288.004000,288.004000
default,unregister,False,1,1,288.000000,288.000000
default,unregister,False,2,1,288.000000,288.000000
default,unregister,True,0,1,1008.000000,1008.000000
default,unregister,True,1,1,1008.000000,1008.000000
default,unregister,True,2,1,1008.000000,1008.000000
default,complete-stream,False,0,1,160.000000,160.000000
default,complete-stream,False,1,1,160.000000,160.000000
default,complete-stream,False,2,1,160.000000,160.000000
default,complete-stream,True,0,1,880.000000,880.000000
default,complete-stream,True,1,1,880.000000,880.000000
default,complete-stream,True,2,1,880.000000,880.000000
default,request-sync,False,0,1,320.000000,320.000000
default,request-sync,False,1,1,320.000000,320.000000
default,request-sync,False,2,1,320.000000,320.000000
default,request-sync,True,0,1,1040.000000,1040.000000
default,request-sync,True,1,1,1040.000000,1040.000000
default,request-sync,True,2,1,1040.000000,1040.000000
default,request-async,False,0,1,320.000000,320.000000
default,request-async,False,1,1,320.000000,320.000000
default,request-async,False,2,1,320.000000,320.000000
default,request-async,True,0,1,1040.000000,1040.000000
default,request-async,True,1,1,1040.000000,1040.000000
default,request-async,True,2,1,1040.000000,1040.000000
named,unregister,False,0,1,504.000000,504.000000
named,unregister,False,1,1,504.000000,504.000000
named,unregister,False,2,1,504.000000,504.000000
named,unregister,True,0,1,1224.000000,1224.000000
named,unregister,True,1,1,1224.000000,1224.000000
named,unregister,True,2,1,1224.000000,1224.000000
named,complete-stream,False,0,1,376.000000,376.000000
named,complete-stream,False,1,1,376.000000,376.000000
named,complete-stream,False,2,1,376.000000,376.000000
named,complete-stream,True,0,1,1096.000000,1096.000000
named,complete-stream,True,1,1,1096.000000,1096.000000
named,complete-stream,True,2,1,1096.000000,1096.000000
named,request-sync,False,0,1,536.000000,536.000000
named,request-sync,False,1,1,536.000000,536.000000
named,request-sync,False,2,1,536.000000,536.000000
named,request-sync,True,0,1,1256.000000,1256.000000
named,request-sync,True,1,1,1256.000000,1256.000000
named,request-sync,True,2,1,1256.000000,1256.000000
named,request-async,False,0,1,536.000000,536.000000
named,request-async,False,1,1,536.000000,536.000000
named,request-async,False,2,1,536.000000,536.000000
named,request-async,True,0,1,1256.000000,1256.000000
named,request-async,True,1,1,1256.000000,1256.000000
named,request-async,True,2,1,1256.000000,1256.000000
mixed-two,unregister,False,0,2,752.000000,376.000000
mixed-two,unregister,False,1,2,752.000000,376.000000
mixed-two,unregister,False,2,2,752.000000,376.000000
mixed-two,unregister,True,0,2,2192.000000,1096.000000
mixed-two,unregister,True,1,2,2192.000000,1096.000000
mixed-two,unregister,True,2,2,2192.000000,1096.000000
mixed-two,complete-stream,False,0,2,496.000000,248.000000
mixed-two,complete-stream,False,1,2,496.000000,248.000000
mixed-two,complete-stream,False,2,2,496.000000,248.000000
mixed-two,complete-stream,True,0,2,1936.000000,968.000000
mixed-two,complete-stream,True,1,2,1936.000000,968.000000
mixed-two,complete-stream,True,2,2,1936.000000,968.000000
mixed-two,request-sync,False,0,2,672.000000,336.000000
mixed-two,request-sync,False,1,2,672.000000,336.000000
mixed-two,request-sync,False,2,2,672.000000,336.000000
mixed-two,request-sync,True,0,2,2112.000000,1056.000000
mixed-two,request-sync,True,1,2,2112.000000,1056.000000
mixed-two,request-sync,True,2,2,2112.000000,1056.000000
mixed-two,request-async,False,0,2,672.000000,336.000000
mixed-two,request-async,False,1,2,672.000000,336.000000
mixed-two,request-async,False,2,2,672.000000,336.000000
mixed-two,request-async,True,0,2,2112.000000,1056.000000
mixed-two,request-async,True,1,2,2112.000000,1056.000000
mixed-two,request-async,True,2,2,2112.000000,1056.000000
mailbox,unregister,False,0,1,768.000000,768.000000
mailbox,unregister,False,1,1,768.000000,768.000000
mailbox,unregister,False,2,1,768.000000,768.000000
mailbox,unregister,True,0,1,1488.000000,1488.000000
mailbox,unregister,True,1,1,1488.000000,1488.000000
mailbox,unregister,True,2,1,1488.000000,1488.000000
mailbox,complete-stream,False,0,1,640.000000,640.000000
mailbox,complete-stream,False,1,1,640.000000,640.000000
mailbox,complete-stream,False,2,1,640.000000,640.000000
mailbox,complete-stream,True,0,1,1360.000000,1360.000000
mailbox,complete-stream,True,1,1,1360.000000,1360.000000
mailbox,complete-stream,True,2,1,1360.000000,1360.000000
mailbox,request-sync,False,0,1,800.000000,800.000000
mailbox,request-sync,False,1,1,800.000000,800.000000
mailbox,request-sync,False,2,1,800.000000,800.000000
mailbox,request-sync,True,0,1,1520.000000,1520.000000
mailbox,request-sync,True,1,1,1520.000000,1520.000000
mailbox,request-sync,True,2,1,1520.000000,1520.000000
mailbox,request-async,False,0,1,800.000000,800.000000
mailbox,request-async,False,1,1,800.000000,800.000000
mailbox,request-async,False,2,1,800.000000,800.000000
mailbox,request-async,True,0,1,1520.000000,1520.000000
mailbox,request-async,True,1,1,1520.000000,1520.000000
mailbox,request-async,True,2,1,1520.000000,1520.000000
mailbox-two,unregister,False,0,2,1280.000000,640.000000
mailbox-two,unregister,False,1,2,1280.000000,640.000000
mailbox-two,unregister,False,2,2,1280.000000,640.000000
mailbox-two,unregister,True,0,2,2720.000000,1360.000000
mailbox-two,unregister,True,1,2,2720.000000,1360.000000
mailbox-two,unregister,True,2,2,2720.000000,1360.000000
mailbox-two,complete-stream,False,0,2,1024.000000,512.000000
mailbox-two,complete-stream,False,1,2,1024.000000,512.000000
mailbox-two,complete-stream,False,2,2,1024.000000,512.000000
mailbox-two,complete-stream,True,0,2,2464.000000,1232.000000
mailbox-two,complete-stream,True,1,2,2464.000000,1232.000000
mailbox-two,complete-stream,True,2,2,2464.000000,1232.000000
mailbox-two,request-sync,False,0,2,1200.000000,600.000000
mailbox-two,request-sync,False,1,2,1200.000000,600.000000
mailbox-two,request-sync,False,2,2,1200.000000,600.000000
mailbox-two,request-sync,True,0,2,2640.000000,1320.000000
mailbox-two,request-sync,True,1,2,2640.000000,1320.000000
mailbox-two,request-sync,True,2,2,2640.000000,1320.000000
mailbox-two,request-async,False,0,2,1200.000000,600.000000
mailbox-two,request-async,False,1,2,1200.000000,600.000000
mailbox-two,request-async,False,2,2,1200.000000,600.000000
mailbox-two,request-async,True,0,2,2640.000000,1320.000000
mailbox-two,request-async,True,1,2,2640.000000,1320.000000
mailbox-two,request-async,True,2,2,2640.000000,1320.000000
