path,line,assembly,kind,visibility,signature,production,generated,tests,benchmarks,examples,root
"src/SharpLink.Abstractions/RpcGeneratedCodecWire.cs",447,"SharpLink.Abstractions","Method","Private","WriteUInt32",0,0,0,0,0,""
"src/SharpLink.Abstractions/SharpLinkTelemetry.cs",31,"SharpLink.Abstractions","Field","Private","ClientActiveEndpoints",0,0,0,0,0,""
"src/SharpLink.Abstractions/SharpLinkTelemetry.cs",36,"SharpLink.Abstractions","Field","Private","ClientReadyEndpoints",0,0,0,0,0,""
"src/SharpLink.Abstractions/SharpLinkTelemetry.cs",41,"SharpLink.Abstractions","Field","Private","ClientDrainingEndpoints",0,0,0,0,0,""
"src/SharpLink.Abstractions/SharpLinkTelemetry.cs",50,"SharpLink.Abstractions","Field","Private","ClientActiveConnections",0,0,0,0,0,""
"src/SharpLink.Abstractions/SharpLinkTelemetry.cs",55,"SharpLink.Abstractions","Field","Private","ClientRetiringConnections",0,0,0,0,0,""
"src/SharpLink.Abstractions/SharpLinkTime.cs",27,"SharpLink.Abstractions","Method","Internal","AddElapsedDuration",0,0,0,0,0,""
"src/SharpLink.Client/ClientAssemblyRegistry.cs",64,"SharpLink.Client","Method","Internal","TryGetProxyRegistration",0,0,0,0,0,""
"src/SharpLink.Client/ClientConnection.cs",286,"SharpLink.Client","Method","Private","TryAcceptStreamDelivery",0,0,0,0,0,"Interface implementation"
"src/SharpLink.Client/ClientRequestTimeoutPolicy.cs",57,"SharpLink.Client","NamedType","Internal","global::SharpLink.Client.ClientCallLifetimeSourceExtensions",0,0,0,0,0,""
"src/SharpLink.Client/GeneratedClusterRouteSource.cs",93,"SharpLink.Client","Method","Internal","FromManifests",0,0,0,0,0,""
"src/SharpLink.Client/PendingRequestTable.cs",373,"SharpLink.Client","Method","Private","OnRequestEmissionFailure",0,0,0,0,0,"Interface implementation"
"src/SharpLink.Client/RpcRequestOperation.cs",54,"SharpLink.Client","Method","Public","GetResult",0,0,0,0,0,""
"src/SharpLink.Client/RpcRequestOperation.cs",65,"SharpLink.Client","Method","Public","GetStatus",0,0,0,0,0,""
"src/SharpLink.Client/RpcRequestOperation.cs",66,"SharpLink.Client","Method","Public","OnCompleted",0,0,0,0,0,""
"src/SharpLink.Client/SharpLinkClient.Attempts.cs",33,"SharpLink.Client","Property","Public","ShouldHonorAdmissionRetryAfter",0,0,0,0,0,""
"src/SharpLink.Client/SharpLinkClient.Compression.cs",10,"SharpLink.Client","Method","Public","UpdateRequestCompressionPolicy",0,0,0,0,0,""
"src/SharpLink.Client/SharpLinkClient.Compression.cs",27,"SharpLink.Client","Method","Public","SetResponseCompressionPreferenceAsync",0,0,0,0,0,""
"src/SharpLink.Client/SharpLinkClient.cs",273,"SharpLink.Client","Method","Private","CreateAuthenticationRejectedException",0,0,0,0,0,""
"src/SharpLink.Client/SharpLinkClient.DynamicChannel.cs",95,"SharpLink.Client","Method","Public","InvokeDuplexStreamingAsync<TRequest, TResponse, TStreams>",0,0,0,0,0,""
"src/SharpLink.Client/SharpLinkClient.Health.cs",147,"SharpLink.Client","Method","Public","Serialize",0,0,0,0,0,""
"src/SharpLink.Client/SharpLinkClient.Health.cs",160,"SharpLink.Client","Method","Public","Deserialize",0,0,0,0,0,""
"src/SharpLink.Client/SharpLinkClient.Interceptors.cs",83,"SharpLink.Client","Method","Protected","ClientInterceptorState",0,0,0,0,0,"Constructor/activation"
"src/SharpLink.Client/SharpLinkClient.Interceptors.cs",604,"SharpLink.Client","Method","Public","GetAsyncEnumerator",0,0,0,0,0,""
"src/SharpLink.Client/SharpLinkClient.Invokers.cs",281,"SharpLink.Client","Method","Public","MoveNextAsync",0,0,0,0,0,""
"src/SharpLink.Client/SharpLinkClient.Lifecycle.cs",348,"SharpLink.Client","Method","Public","GetWithMetadata<T>",0,0,0,0,0,""
"src/SharpLink.Client/SharpLinkClient.Log.cs",37,"SharpLink.Client","Method","Private","LogClientDisconnected",0,0,0,0,0,""
"src/SharpLink.Client/SharpLinkClient.RemoteContractReadiness.cs",10,"SharpLink.Client","Method","Public","WaitForRemoteContractAsync",0,0,0,0,0,""
"src/SharpLink.Client/SharpLinkClient.RpcChannel.cs",5,"SharpLink.Client","Method","Private","SendRpcCall",0,0,0,0,0,""
"src/SharpLink.Client/SharpLinkClient.RuntimeTelemetryDetail.cs",7,"SharpLink.Client","Method","Public","GetTelemetryDetailPolicySnapshot",0,0,0,0,0,""
"src/SharpLink.Client/SharpLinkClient.RuntimeTelemetryDetail.cs",13,"SharpLink.Client","Method","Public","UpdateTelemetryDetailPolicy",0,0,0,0,0,""
"src/SharpLink.Client/SharpLinkMultiClusterClient.cs",121,"SharpLink.Client","Method","Public","Get<TContract>",0,0,0,0,0,""
"src/SharpLink.Client/SharpLinkMultiClusterClient.cs",133,"SharpLink.Client","Method","Public","GetWithMetadata<TContract>",0,0,0,0,0,""
"src/SharpLink.Client/SharpLinkMultiClusterClient.PublicLifecycle.cs",146,"SharpLink.Client","Method","Public","GetClusterRuntimeState",0,0,0,0,0,""
"src/SharpLink.Client/SharpLinkMultiClusterClient.PublicLifecycle.cs",149,"SharpLink.Client","Method","Public","GetClusterReadiness",0,0,0,0,0,""
"src/SharpLink.Client/SharpLinkMultiClusterClient.Status.cs",5,"SharpLink.Client","Method","Public","TryGetClusterStatus",0,0,0,0,0,""
"src/SharpLink.Client/SharpLinkMultiClusterClientBuilder.cs",595,"SharpLink.Client","Property","Public","ApiVersion",0,0,0,0,0,""
"src/SharpLink.Client/SharpLinkMultiClusterClientBuilder.cs",596,"SharpLink.Client","Property","Public","ProtocolVersion",0,0,0,0,0,""
"src/SharpLink.Client/SharpLinkMultiClusterClientBuilder.cs",597,"SharpLink.Client","Property","Public","GeneratorVersion",0,0,0,0,0,""
"src/SharpLink.Client/SharpLinkMultiClusterClientBuilder.cs",599,"SharpLink.Client","Property","Public","RpcAssemblyHash",0,0,0,0,0,""
"src/SharpLink.Client/SharpLinkMultiClusterClientBuilder.cs",600,"SharpLink.Client","Property","Public","CompileTimeDescriptor",0,0,0,0,0,""
"src/SharpLink.Client/SharpLinkMultiClusterClientBuilder.cs",601,"SharpLink.Client","Property","Public","Contracts",0,0,0,0,0,""
"src/SharpLink.Client/SharpLinkMultiClusterClientBuilder.cs",602,"SharpLink.Client","Property","Public","Services",0,0,0,0,0,""
"src/SharpLink.Client/SharpLinkMultiClusterClientBuilder.cs",604,"SharpLink.Client","Property","Public","ContractCodecs",0,0,0,0,0,""
"src/SharpLink.Client/SharpLinkMultiClusterClientBuilder.cs",605,"SharpLink.Client","Property","Public","Dependencies",0,0,0,0,0,""
"src/SharpLink.Client/SharpLinkMultiClusterClientBuilder.cs",606,"SharpLink.Client","Property","Public","ContractDependencies",0,0,0,0,0,""
"src/SharpLink.Generator/EquatableArray.cs",18,"SharpLink.Generator","Method","Public","GetHashCode",0,0,0,0,0,"Virtual dispatch"
"src/SharpLink.Generator/EquatableArray.cs",26,"SharpLink.Generator","Method","Public","implicit operator global::SharpLink.Generator.EquatableArray<T>",0,0,0,0,0,""
"src/SharpLink.Generator/EquatableArray.cs",27,"SharpLink.Generator","Method","Public","implicit operator global::System.Collections.Immutable.ImmutableArray<T>",0,0,0,0,0,""
"src/SharpLink.Generator/Polyfills.cs",10,"SharpLink.Generator","NamedType","Internal","global::System.Runtime.CompilerServices.IsExternalInit",0,0,0,0,0,""
"src/SharpLink.Generator/RpcGenerator.ContractManifest.Infrastructure.cs",244,"SharpLink.Generator","Field","Public","ManifestOutput",0,0,0,0,0,"Enum/protocol identity"
"src/SharpLink.Generator/RpcGenerator.ContractManifest.Infrastructure.cs",251,"SharpLink.Generator","Property","Public","GeneratorVersion",0,0,0,0,0,""
"src/SharpLink.Generator/RpcGenerator.DtoAnalysis.cs",20,"SharpLink.Generator","Method","Private","HasSameCodecDefinition",0,0,0,0,0,""
"src/SharpLink.Generator/RpcGenerator.DtoGraphAnalysis.cs",419,"SharpLink.Generator","Method","Private","IsBuiltin",0,0,0,0,0,""
"src/SharpLink.Generator/RpcGenerator.DtoModels.cs",226,"SharpLink.Generator","NamedType","Internal","global::SharpLink.Generator.RpcHashValueExtensions",0,0,0,0,0,""
"src/SharpLink.Generator/RpcGenerator.DtoSerializeEmitter.cs",96,"SharpLink.Generator","Method","Private","AppendDtoSuppressedSerializeBody",0,0,0,0,0,""
"src/SharpLink.Generator/RpcGenerator.DtoSizingEmitter.cs",5,"SharpLink.Generator","Method","Private","AppendDtoExactSerializeBody",0,0,0,0,0,""
"src/SharpLink.Generator/RpcGenerator.ReferenceAnalysis.cs",5,"SharpLink.Generator","Method","Private","GetReferencedInterfaceModels",0,0,0,0,0,""
"src/SharpLink.Generator/RpcGenerator.ReferenceAnalysis.cs",29,"SharpLink.Generator","Method","Private","GetReferencedServiceModels",0,0,0,0,0,""
"src/SharpLink.Runtime/ArrayBufferWriterExtensions.cs",3,"SharpLink.Runtime","NamedType","Internal","global::SharpLink.Runtime.RpcBufferWriterExtensions",0,0,0,0,0,""
"src/SharpLink.Runtime/ArrayBufferWriterExtensions.cs",6,"SharpLink.Runtime","NamedType","Public","global::SharpLink.Runtime.RpcBufferWriterExtensions.extension(global::SharpLink.Abstractions.IRpcByteBufferWriter)",0,0,0,0,0,""
"src/SharpLink.Runtime/Codec/RpcCodecProvider.cs",48,"SharpLink.Runtime","Method","Internal","TryGetExplicitCodec<T>",0,0,0,0,0,""
"src/SharpLink.Runtime/Codec/RpcCodecProvider.cs",319,"SharpLink.Runtime","Property","Internal","HasContractCodecs",0,0,0,0,0,""
"src/SharpLink.Runtime/Codec/RpcCodecProvider.cs",321,"SharpLink.Runtime","Property","Internal","ContractCodecProvider",0,0,0,0,0,""
"src/SharpLink.Runtime/GeneratedManifestSource.cs",86,"SharpLink.Runtime","Method","Internal","FromManifests",0,0,0,0,0,""
"src/SharpLink.Runtime/PooledAsyncStreamDispatcher.cs",773,"SharpLink.Runtime","Method","Public","MoveNextAsync",0,0,0,0,0,""
"src/SharpLink.Runtime/PooledAsyncStreamDispatcher.cs",1201,"SharpLink.Runtime","Method","Public","GetResult",0,0,0,0,0,""
"src/SharpLink.Runtime/PooledAsyncStreamDispatcher.cs",1205,"SharpLink.Runtime","Method","Public","GetStatus",0,0,0,0,0,""
"src/SharpLink.Runtime/PooledAsyncStreamDispatcher.cs",1209,"SharpLink.Runtime","Method","Public","OnCompleted",0,0,0,0,0,""
"src/SharpLink.Runtime/PreCreditSerializedBudget.cs",296,"SharpLink.Runtime","Field","Public","Created",0,0,0,0,0,"Enum/protocol identity"
"src/SharpLink.Runtime/ProtocolViolationReason.cs",55,"SharpLink.Runtime","NamedType","Internal","global::SharpLink.Runtime.ProtocolViolationLogTokens",0,0,0,0,0,""
"src/SharpLink.Runtime/RpcSession.Compression.cs",5,"SharpLink.Runtime","Property","Internal","CompressionProfile",0,0,0,0,0,""
"src/SharpLink.Runtime/RpcSession.GeneratedServerBridge.cs",342,"SharpLink.Runtime","Method","Public","EnsureUserCodeEntry",0,0,0,0,0,""
"src/SharpLink.Runtime/RpcSession.ResponseCompressionPreference.cs",17,"SharpLink.Runtime","Property","Internal","RemoteResponseCompressionAppliedGeneration",0,0,0,0,0,""
"src/SharpLink.Runtime/RpcSession.ResponseCompressionPreference.cs",26,"SharpLink.Runtime","Property","Internal","AppliedResponseCompressionPreference",0,0,0,0,0,""
"src/SharpLink.Runtime/RpcSessionContractManifestExtensions.cs",3,"SharpLink.Runtime","NamedType","Internal","global::SharpLink.Runtime.RpcSessionContractManifestExtensions",0,0,0,0,0,""
"src/SharpLink.Runtime/RpcSessionContractManifestExtensions.cs",5,"SharpLink.Runtime","NamedType","Public","global::SharpLink.Runtime.RpcSessionContractManifestExtensions.extension(global::SharpLink.Runtime.RpcSession)",0,0,0,0,0,""
"src/SharpLink.Runtime/RpcSessionContractManifestExtensions.cs",7,"SharpLink.Runtime","Method","Internal","SendContractManifestAndFlushAsync",0,0,0,0,0,""
"src/SharpLink.Runtime/RpcSessionExtensions.cs",4,"SharpLink.Runtime","NamedType","Internal","global::SharpLink.Runtime.RpcSessionExtensions",0,0,0,0,0,""
"src/SharpLink.Runtime/RpcSessionExtensions.cs",6,"SharpLink.Runtime","NamedType","Public","global::SharpLink.Runtime.RpcSessionExtensions.extension(global::SharpLink.Runtime.RpcSession)",0,0,0,0,0,""
"src/SharpLink.Runtime/RpcSessionExtensions.cs",203,"SharpLink.Runtime","Method","Internal","SendPingAsync",0,0,0,0,0,""
"src/SharpLink.Runtime/RpcSessionExtensions.cs",218,"SharpLink.Runtime","Method","Internal","SendPongAsync",0,0,0,0,0,""
"src/SharpLink.Runtime/RpcSessionExtensions.cs",241,"SharpLink.Runtime","Method","Internal","SendHealthResponse",0,0,0,0,0,""
"src/SharpLink.Runtime/RpcSessionExtensions.ResponseCompressionPreference.cs",3,"SharpLink.Runtime","NamedType","Internal","global::SharpLink.Runtime.RpcSessionResponseCompressionPreferenceExtensions",0,0,0,0,0,""
"src/SharpLink.Runtime/RpcSessionExtensions.ResponseCompressionPreference.cs",5,"SharpLink.Runtime","NamedType","Public","global::SharpLink.Runtime.RpcSessionResponseCompressionPreferenceExtensions.extension(global::SharpLink.Runtime.RpcSession)",0,0,0,0,0,""
"src/SharpLink.Runtime/RpcSessionExtensions.SessionRefresh.cs",3,"SharpLink.Runtime","NamedType","Internal","global::SharpLink.Runtime.RpcSessionSessionRefreshExtensions",0,0,0,0,0,""
"src/SharpLink.Runtime/RpcSessionExtensions.SessionRefresh.cs",5,"SharpLink.Runtime","NamedType","Public","global::SharpLink.Runtime.RpcSessionSessionRefreshExtensions.extension(global::SharpLink.Runtime.RpcSession)",0,0,0,0,0,""
"src/SharpLink.Runtime/SharpLinkDynamicModule.cs",168,"SharpLink.Runtime","Method","Private","ValidateManifest",0,0,0,0,0,""
"src/SharpLink.Runtime/SharpLinkRuntimeContext.cs",221,"SharpLink.Runtime","Method","Private","GetContractCodecProvider",0,0,0,0,0,"Interface implementation"
"src/SharpLink.Runtime/StreamManager.cs",945,"SharpLink.Runtime","Method","Public","TryGetPreAdmission",0,0,0,0,0,""
"src/SharpLink.Runtime/StreamManager.cs",966,"SharpLink.Runtime","Method","Public","TryGetDiscarding",0,0,0,0,0,""
"src/SharpLink.Runtime/StripedLongMap.cs",182,"SharpLink.Runtime","Method","Internal","CopyEntries",0,0,0,0,0,""
"src/SharpLink.Runtime/Transport/SharedMemoryMapping.cs",294,"SharpLink.Runtime","Method","Public","Pin",0,0,0,0,0,"Virtual dispatch"
"src/SharpLink.Runtime/Transport/SharedMemoryMapping.cs",302,"SharpLink.Runtime","Method","Public","Unpin",0,0,0,0,0,"Virtual dispatch"
"src/SharpLink.Runtime/Transport/SharedMemoryPipelines.cs",649,"SharpLink.Runtime","Property","Public","CanGetUnflushedBytes",0,0,0,0,0,"Virtual dispatch"
"src/SharpLink.Runtime/Transport/SharedMemoryPipelines.cs",651,"SharpLink.Runtime","Property","Public","UnflushedBytes",0,0,0,0,0,"Virtual dispatch"
"src/SharpLink.Runtime/Transport/SharedMemoryPipelines.cs",716,"SharpLink.Runtime","Method","Public","CancelPendingFlush",0,0,0,0,0,"Virtual dispatch"
"src/SharpLink.Runtime/Transport/SocketTransportV2.cs",634,"SharpLink.Runtime","Field","Internal","Flags",0,0,0,0,0,""
"src/SharpLink.Runtime/Transport/SocketTransportV2.cs",636,"SharpLink.Runtime","Field","Internal","UserId",0,0,0,0,0,""
"src/SharpLink.Runtime/Transport/SocketTransportV2.cs",637,"SharpLink.Runtime","Field","Internal","GroupId",0,0,0,0,0,""
"src/SharpLink.Runtime/Transport/SocketTransportV2.cs",639,"SharpLink.Runtime","Field","Internal","AccessTime",0,0,0,0,0,""
"src/SharpLink.Runtime/Transport/SocketTransportV2.cs",640,"SharpLink.Runtime","Field","Internal","AccessTimeNanoseconds",0,0,0,0,0,""
"src/SharpLink.Runtime/Transport/SocketTransportV2.cs",641,"SharpLink.Runtime","Field","Internal","ModificationTime",0,0,0,0,0,""
"src/SharpLink.Runtime/Transport/SocketTransportV2.cs",642,"SharpLink.Runtime","Field","Internal","ModificationTimeNanoseconds",0,0,0,0,0,""
"src/SharpLink.Runtime/Transport/SocketTransportV2.cs",643,"SharpLink.Runtime","Field","Internal","ChangeTime",0,0,0,0,0,""
"src/SharpLink.Runtime/Transport/SocketTransportV2.cs",644,"SharpLink.Runtime","Field","Internal","ChangeTimeNanoseconds",0,0,0,0,0,""
"src/SharpLink.Runtime/Transport/SocketTransportV2.cs",645,"SharpLink.Runtime","Field","Internal","BirthTime",0,0,0,0,0,""
"src/SharpLink.Runtime/Transport/SocketTransportV2.cs",646,"SharpLink.Runtime","Field","Internal","BirthTimeNanoseconds",0,0,0,0,0,""
"src/SharpLink.Runtime/Transport/SocketTransportV2.cs",648,"SharpLink.Runtime","Field","Internal","RawDevice",0,0,0,0,0,""
"src/SharpLink.Runtime/Transport/SocketTransportV2.cs",650,"SharpLink.Runtime","Field","Internal","UserFlags",0,0,0,0,0,""
"src/SharpLink.Runtime/Transport/SocketTransportV2.cs",651,"SharpLink.Runtime","Field","Internal","HardLinkCount",0,0,0,0,0,""
"src/SharpLink.Runtime/WakeupSignal.cs",202,"SharpLink.Runtime","Method","Private","Execute",0,0,0,0,0,"Interface implementation"
"src/SharpLink.Serializer.SharpPack/SharpPackRpcCodec.cs",95,"SharpLink.Serializer.SharpPack","Method","Public","CreateCodec<T>",0,0,0,0,0,""
"src/SharpLink.Serializer.SharpPack/SharpPackRpcCodec.cs",108,"SharpLink.Serializer.SharpPack","Method","Public","Dispose",0,0,0,0,0,"Entrypoint/lifecycle"
"src/SharpLink.Serializer.SharpPack/SharpPackRpcCodec.cs",123,"SharpLink.Serializer.SharpPack","Method","Public","Serialize<TBufferWriter>",0,0,0,0,0,"Virtual dispatch"
"src/SharpLink.Serializer.SharpPack/SharpPackRpcCodec.cs",128,"SharpLink.Serializer.SharpPack","Method","Public","Deserialize",0,0,0,0,0,"Virtual dispatch"
"src/SharpLink.Serializer.SharpPack/SharpPackRpcCodec.cs",148,"SharpLink.Serializer.SharpPack","Method","Public","Serialize",0,0,0,0,0,""
"src/SharpLink.Serializer.SharpPack/SharpPackRpcCodec.cs",223,"SharpLink.Serializer.SharpPack","Method","Public","Advance",0,0,0,0,0,""
"src/SharpLink.Serializer.SharpPack/SharpPackRpcCodec.cs",224,"SharpLink.Serializer.SharpPack","Method","Public","GetMemory",0,0,0,0,0,""
"src/SharpLink.Serializer.SharpPack/SharpPackRpcCodec.cs",225,"SharpLink.Serializer.SharpPack","Method","Public","GetSpan",0,0,0,0,0,""
"src/SharpLink.Server/Admission/AdmissionLimiterState.cs",71,"SharpLink.Server","Property","Public","IdleDuration",0,0,0,0,0,"Virtual dispatch"
"src/SharpLink.Server/Admission/AdmissionLimiterState.cs",73,"SharpLink.Server","Method","Public","GetStatistics",0,0,0,0,0,"Virtual dispatch"
"src/SharpLink.Server/Admission/AdmissionLimiterState.cs",80,"SharpLink.Server","Method","Protected","AttemptAcquireCore",0,0,0,0,0,"Virtual dispatch"
"src/SharpLink.Server/Admission/AdmissionLimiterState.cs",117,"SharpLink.Server","Method","Protected","AcquireAsyncCore",0,0,0,0,0,"Virtual dispatch"
"src/SharpLink.Server/Admission/AdmissionLimiterState.cs",492,"SharpLink.Server","Property","Public","MetadataNames",0,0,0,0,0,"Virtual dispatch"
"src/SharpLink.Server/Admission/AdmissionLimiterState.cs",494,"SharpLink.Server","Method","Public","TryGetMetadata",0,0,0,0,0,"Virtual dispatch"
"src/SharpLink.Server/Admission/AdmissionStateKernel.cs",39,"SharpLink.Server","Property","Internal","TimeProvider",0,0,0,0,0,""
"src/SharpLink.Server/Admission/AdmissionStateKernel.cs",1132,"SharpLink.Server","Property","Internal","ResizeCount",0,0,0,0,0,""
"src/SharpLink.Server/Admission/AdmissionStateKernel.cs",1134,"SharpLink.Server","Property","Internal","RateTransitionCount",0,0,0,0,0,""
"src/SharpLink.Server/Admission/AdmissionStateKernel.cs",1136,"SharpLink.Server","Property","Internal","PartitionUpdateCount",0,0,0,0,0,""
"src/SharpLink.Server/Admission/SharpLinkAdmissionController.cs",365,"SharpLink.Server","Property","Internal","MaxQueuedBytesForTests",0,0,0,0,0,""
"src/SharpLink.Server/Admission/SharpLinkAdmissionController.cs",980,"SharpLink.Server","Property","Internal","RateDefinition",0,0,0,0,0,""
"src/SharpLink.Server/Admission/SharpLinkAdmissionController.cs",990,"SharpLink.Server","Method","Internal","CreateOwned",0,0,0,0,0,""
"src/SharpLink.Server/Admission/SharpLinkAdmissionController.cs",1423,"SharpLink.Server","Property","Internal","IdleTimeoutForTests",0,0,0,0,0,""
"src/SharpLink.Server/DefaultRpcExceptionMapper.cs",5,"SharpLink.Server","Method","Public","Map",0,0,0,0,0,""
"src/SharpLink.Server/ServerDecodeExecutor.cs",536,"SharpLink.Server","Method","Public","Equals",0,0,0,0,0,""
"src/SharpLink.Server/ServerDecodeExecutor.cs",538,"SharpLink.Server","Method","Public","GetHashCode",0,0,0,0,0,""
"src/SharpLink.Server/ServerGeneratedBridge.cs",51,"SharpLink.Server","Method","Public","CreateInboundStream<T>",0,0,0,0,0,""
"src/SharpLink.Server/ServerGeneratedBridge.cs",67,"SharpLink.Server","Method","Public","PumpOutboundStreamAsync<T>",0,0,0,0,0,""
"src/SharpLink.Server/ServerGeneratedBridge.cs",154,"SharpLink.Server","Method","Public","GetAsyncEnumerator",0,0,0,0,0,""
"src/SharpLink.Server/ServerGeneratedBridge.cs",168,"SharpLink.Server","Property","Public","Current",0,0,0,0,0,""
"src/SharpLink.Server/ServerGeneratedBridge.cs",170,"SharpLink.Server","Method","Public","MoveNextAsync",0,0,0,0,0,""
"src/SharpLink.Server/ServerResourceGovernor.cs",314,"SharpLink.Server","Property","Internal","RetainedBytes",0,0,0,0,0,""
"src/SharpLink.Server/ServerResourceGovernor.cs",390,"SharpLink.Server","Property","Internal","DecodedBytes",0,0,0,0,0,""
"src/SharpLink.Server/ServerResourceGovernor.cs",432,"SharpLink.Server","Property","Internal","DecodedBytesOwned",0,0,0,0,0,""
"src/SharpLink.Server/ServerServiceModuleRegistry.cs",75,"SharpLink.Server","Property","Internal","Keys",0,0,0,0,0,""
"src/SharpLink.Server/SharpLinkServer.AssemblyDrain.cs",7,"SharpLink.Server","Method","Public","UnregisterAssemblyAsync",0,0,0,0,0,""
"src/SharpLink.Server/SharpLinkServer.AssemblyRegistration.cs",151,"SharpLink.Server","Method","Public","ReplaceAssemblyAsync",0,0,0,0,0,""
"src/SharpLink.Server/SharpLinkServer.Compression.cs",7,"SharpLink.Server","Method","Public","UpdateResponseCompressionPolicy",0,0,0,0,0,""
"src/SharpLink.Server/SharpLinkServer.cs",298,"SharpLink.Server","Property","Internal","FrameworkTaskSnapshotForDiagnostics",0,0,0,0,0,""
"src/SharpLink.Server/SharpLinkServer.DecodeExecutor.cs",76,"SharpLink.Server","Property","Internal","DecodeQueueReservationsForDiagnostics",0,0,0,0,0,""
"src/SharpLink.Server/SharpLinkServer.DecodeExecutor.cs",79,"SharpLink.Server","Property","Internal","DecodeScheduledConnectionCountForDiagnostics",0,0,0,0,0,""
"src/SharpLink.Server/SharpLinkServer.DecodeExecutor.cs",82,"SharpLink.Server","Property","Internal","DecodeSkippedBeforeStartForDiagnostics",0,0,0,0,0,""
"src/SharpLink.Server/SharpLinkServer.DecodeExecutor.cs",85,"SharpLink.Server","Property","Internal","DecodeStartedWorkCountForDiagnostics",0,0,0,0,0,""
"src/SharpLink.Server/SharpLinkServer.DecodeExecutor.cs",88,"SharpLink.Server","Property","Internal","DecodeAcceptingForDiagnostics",0,0,0,0,0,""
"src/SharpLink.Server/SharpLinkServer.RequestLoop.cs",461,"SharpLink.Server","Method","Private","ObserveUserCall",0,0,0,0,0,""
"src/SharpLink.Server/SharpLinkServer.RuntimeInterceptors.cs",8,"SharpLink.Server","Method","Public","ReplaceInterceptors",0,0,0,0,0,""
"src/SharpLink.Server/SharpLinkServer.RuntimeTelemetryDetail.cs",8,"SharpLink.Server","Method","Public","GetTelemetryDetailPolicySnapshot",0,0,0,0,0,""
"src/SharpLink.Server/SharpLinkServer.RuntimeTelemetryDetail.cs",14,"SharpLink.Server","Method","Public","UpdateTelemetryDetailPolicy",0,0,0,0,0,""
"src/SharpLink.Shared/RpcBuiltinCollectionWireCatalog.cs",50,"SharpLink.Generator","Property","Internal","All",0,0,0,0,0,""
